{
    "id": "9e39887d-17d5-4452-99c2-7e6474572bc0",
    "realm": "gamestore",
    "notBefore": 0,
    "defaultSignatureAlgorithm": "RS256",
    "revokeRefreshToken": false,
    "refreshTokenMaxReuse": 0,
    "accessTokenLifespan": 300,
    "accessTokenLifespanForImplicitFlow": 900,
    "ssoSessionIdleTimeout": 1800,
    "ssoSessionMaxLifespan": 36000,
    "ssoSessionIdleTimeoutRememberMe": 0,
    "ssoSessionMaxLifespanRememberMe": 0,
    "offlineSessionIdleTimeout": 2592000,
    "offlineSessionMaxLifespanEnabled": false,
    "offlineSessionMaxLifespan": 5184000,
    "clientSessionIdleTimeout": 0,
    "clientSessionMaxLifespan": 0,
    "clientOfflineSessionIdleTimeout": 0,
    "clientOfflineSessionMaxLifespan": 0,
    "accessCodeLifespan": 60,
    "accessCodeLifespanUserAction": 300,
    "accessCodeLifespanLogin": 1800,
    "actionTokenGeneratedByAdminLifespan": 43200,
    "actionTokenGeneratedByUserLifespan": 300,
    "oauth2DeviceCodeLifespan": 600,
    "oauth2DevicePollingInterval": 5,
    "enabled": true,
    "sslRequired": "external",
    "registrationAllowed": true,
    "registrationEmailAsUsername": false,
    "rememberMe": false,
    "verifyEmail": false,
    "loginWithEmailAllowed": true,
    "duplicateEmailsAllowed": false,
    "resetPasswordAllowed": false,
    "editUsernameAllowed": false,
    "bruteForceProtected": false,
    "permanentLockout": false,
    "maxTemporaryLockouts": 0,
    "bruteForceStrategy": "MULTIPLE",
    "maxFailureWaitSeconds": 900,
    "minimumQuickLoginWaitSeconds": 60,
    "waitIncrementSeconds": 60,
    "quickLoginCheckMilliSeconds": 1000,
    "maxDeltaTimeSeconds": 43200,
    "failureFactor": 30,
    "roles": {
      "realm": [
        {
          "id": "03d5e42d-8df2-421e-ad43-58e0a517d5b5",
          "name": "default-roles-gamestore",
          "description": "${role_default-roles}",
          "composite": true,
          "composites": {
            "realm": [
              "offline_access",
              "uma_authorization"
            ],
            "client": {
              "account": [
                "view-profile",
                "manage-account"
              ]
            }
          },
          "clientRole": false,
          "containerId": "9e39887d-17d5-4452-99c2-7e6474572bc0",
          "attributes": {}
        },
        {
          "id": "bf0f0a5d-159e-4ac5-9cf9-0842ad86b9d4",
          "name": "Admin",
          "description": "Can do everything",
          "composite": false,
          "clientRole": false,
          "containerId": "9e39887d-17d5-4452-99c2-7e6474572bc0",
          "attributes": {}
        },
        {
          "id": "5edc2d9f-1ed2-4749-9161-b0786993f132",
          "name": "offline_access",
          "description": "${role_offline-access}",
          "composite": false,
          "clientRole": false,
          "containerId": "9e39887d-17d5-4452-99c2-7e6474572bc0",
          "attributes": {}
        },
        {
          "id": "9e6726fd-b8e1-40a6-9460-03a4bdba11a4",
          "name": "uma_authorization",
          "description": "${role_uma_authorization}",
          "composite": false,
          "clientRole": false,
          "containerId": "9e39887d-17d5-4452-99c2-7e6474572bc0",
          "attributes": {}
        }
      ],
      "client": {
        "realm-management": [
          {
            "id": "eb258ac7-d177-48b7-849a-a82d72c19e5c",
            "name": "manage-users",
            "description": "${role_manage-users}",
            "composite": false,
            "clientRole": true,
            "containerId": "31ada7ee-f8ea-4f10-b0a1-bdfc1333b30e",
            "attributes": {}
          },
          {
            "id": "022c3f94-6000-45d1-ae61-2db06fd0fb93",
            "name": "query-clients",
            "description": "${role_query-clients}",
            "composite": false,
            "clientRole": true,
            "containerId": "31ada7ee-f8ea-4f10-b0a1-bdfc1333b30e",
            "attributes": {}
          },
          {
            "id": "af314a29-bf7e-4b18-a704-286608df5b03",
            "name": "view-events",
            "description": "${role_view-events}",
            "composite": false,
            "clientRole": true,
            "containerId": "31ada7ee-f8ea-4f10-b0a1-bdfc1333b30e",
            "attributes": {}
          },
          {
            "id": "aa308959-6e26-428b-9132-ca638768ce52",
            "name": "create-client",
            "description": "${role_create-client}",
            "composite": false,
            "clientRole": true,
            "containerId": "31ada7ee-f8ea-4f10-b0a1-bdfc1333b30e",
            "attributes": {}
          },
          {
            "id": "1f293a98-9337-4ac2-938c-3a8688454181",
            "name": "view-users",
            "description": "${role_view-users}",
            "composite": true,
            "composites": {
              "client": {
                "realm-management": [
                  "query-users",
                  "query-groups"
                ]
              }
            },
            "clientRole": true,
            "containerId": "31ada7ee-f8ea-4f10-b0a1-bdfc1333b30e",
            "attributes": {}
          },
          {
            "id": "37978b07-e905-482f-83c0-b6eafef6e344",
            "name": "view-authorization",
            "description": "${role_view-authorization}",
            "composite": false,
            "clientRole": true,
            "containerId": "31ada7ee-f8ea-4f10-b0a1-bdfc1333b30e",
            "attributes": {}
          },
          {
            "id": "f1ae67ad-35ac-4277-963e-428c82784c7c",
            "name": "view-identity-providers",
            "description": "${role_view-identity-providers}",
            "composite": false,
            "clientRole": true,
            "containerId": "31ada7ee-f8ea-4f10-b0a1-bdfc1333b30e",
            "attributes": {}
          },
          {
            "id": "d36ac4fe-e036-450a-bd1a-56e4e5f24eca",
            "name": "manage-events",
            "description": "${role_manage-events}",
            "composite": false,
            "clientRole": true,
            "containerId": "31ada7ee-f8ea-4f10-b0a1-bdfc1333b30e",
            "attributes": {}
          },
          {
            "id": "7dccfd9e-00a9-45f6-bf1a-b66346ab33a2",
            "name": "query-groups",
            "description": "${role_query-groups}",
            "composite": false,
            "clientRole": true,
            "containerId": "31ada7ee-f8ea-4f10-b0a1-bdfc1333b30e",
            "attributes": {}
          },
          {
            "id": "ba9f8eed-6df6-4a2c-8144-e797ad49e351",
            "name": "query-users",
            "description": "${role_query-users}",
            "composite": false,
            "clientRole": true,
            "containerId": "31ada7ee-f8ea-4f10-b0a1-bdfc1333b30e",
            "attributes": {}
          },
          {
            "id": "bd7779f6-f583-4287-aec7-dfaf4b805ada",
            "name": "manage-identity-providers",
            "description": "${role_manage-identity-providers}",
            "composite": false,
            "clientRole": true,
            "containerId": "31ada7ee-f8ea-4f10-b0a1-bdfc1333b30e",
            "attributes": {}
          },
          {
            "id": "63db3bec-e05e-44ac-988f-6ab34d7af782",
            "name": "manage-realm",
            "description": "${role_manage-realm}",
            "composite": false,
            "clientRole": true,
            "containerId": "31ada7ee-f8ea-4f10-b0a1-bdfc1333b30e",
            "attributes": {}
          },
          {
            "id": "1bb645c1-bce1-47df-a383-3b036d7faf9e",
            "name": "impersonation",
            "description": "${role_impersonation}",
            "composite": false,
            "clientRole": true,
            "containerId": "31ada7ee-f8ea-4f10-b0a1-bdfc1333b30e",
            "attributes": {}
          },
          {
            "id": "692ff683-fe34-4c59-b7bf-e14c245eeb3d",
            "name": "manage-clients",
            "description": "${role_manage-clients}",
            "composite": false,
            "clientRole": true,
            "containerId": "31ada7ee-f8ea-4f10-b0a1-bdfc1333b30e",
            "attributes": {}
          },
          {
            "id": "1b94077b-07f5-4fc0-a2b9-ce60aecaddc8",
            "name": "query-realms",
            "description": "${role_query-realms}",
            "composite": false,
            "clientRole": true,
            "containerId": "31ada7ee-f8ea-4f10-b0a1-bdfc1333b30e",
            "attributes": {}
          },
          {
            "id": "cef8e343-c8d7-457c-a14b-71f6d3d4ef60",
            "name": "view-clients",
            "description": "${role_view-clients}",
            "composite": true,
            "composites": {
              "client": {
                "realm-management": [
                  "query-clients"
                ]
              }
            },
            "clientRole": true,
            "containerId": "31ada7ee-f8ea-4f10-b0a1-bdfc1333b30e",
            "attributes": {}
          },
          {
            "id": "210be038-1691-4720-ad22-90568342bb84",
            "name": "view-realm",
            "description": "${role_view-realm}",
            "composite": false,
            "clientRole": true,
            "containerId": "31ada7ee-f8ea-4f10-b0a1-bdfc1333b30e",
            "attributes": {}
          },
          {
            "id": "fcc9159d-5f18-47fa-9811-563fbdfd856d",
            "name": "manage-authorization",
            "description": "${role_manage-authorization}",
            "composite": false,
            "clientRole": true,
            "containerId": "31ada7ee-f8ea-4f10-b0a1-bdfc1333b30e",
            "attributes": {}
          },
          {
            "id": "3c8a1798-0f41-4fac-9b3c-ef4493602ddf",
            "name": "realm-admin",
            "description": "${role_realm-admin}",
            "composite": true,
            "composites": {
              "client": {
                "realm-management": [
                  "query-clients",
                  "manage-users",
                  "view-events",
                  "view-users",
                  "create-client",
                  "view-authorization",
                  "view-identity-providers",
                  "manage-events",
                  "query-groups",
                  "query-users",
                  "manage-identity-providers",
                  "manage-realm",
                  "impersonation",
                  "query-realms",
                  "manage-clients",
                  "view-clients",
                  "view-realm",
                  "manage-authorization"
                ]
              }
            },
            "clientRole": true,
            "containerId": "31ada7ee-f8ea-4f10-b0a1-bdfc1333b30e",
            "attributes": {}
          }
        ],
        "security-admin-console": [],
        "admin-cli": [],
        "account-console": [],
        "broker": [
          {
            "id": "fe36b19e-ff2b-4d01-9cf5-852c21b33ec1",
            "name": "read-token",
            "description": "${role_read-token}",
            "composite": false,
            "clientRole": true,
            "containerId": "053c9c90-a8b3-446e-944e-8793d3ecef5e",
            "attributes": {}
          }
        ],
        "account": [
          {
            "id": "fd462439-d172-4fb7-ae1d-3b133ddbb95b",
            "name": "view-profile",
            "description": "${role_view-profile}",
            "composite": false,
            "clientRole": true,
            "containerId": "65bb96ef-f9e4-449a-a8cb-70bd828ff698",
            "attributes": {}
          },
          {
            "id": "eb9d30bf-9071-460b-addf-bfd7ef5838b8",
            "name": "manage-account",
            "description": "${role_manage-account}",
            "composite": true,
            "composites": {
              "client": {
                "account": [
                  "manage-account-links"
                ]
              }
            },
            "clientRole": true,
            "containerId": "65bb96ef-f9e4-449a-a8cb-70bd828ff698",
            "attributes": {}
          },
          {
            "id": "51d1913f-250b-43ae-a4cb-6d3b7b6979cf",
            "name": "view-groups",
            "description": "${role_view-groups}",
            "composite": false,
            "clientRole": true,
            "containerId": "65bb96ef-f9e4-449a-a8cb-70bd828ff698",
            "attributes": {}
          },
          {
            "id": "66d35c4d-a1da-44bb-af0f-2b6d555b889b",
            "name": "delete-account",
            "description": "${role_delete-account}",
            "composite": false,
            "clientRole": true,
            "containerId": "65bb96ef-f9e4-449a-a8cb-70bd828ff698",
            "attributes": {}
          },
          {
            "id": "303fa32c-d732-4e73-beb7-7f8a0cccca68",
            "name": "view-consent",
            "description": "${role_view-consent}",
            "composite": false,
            "clientRole": true,
            "containerId": "65bb96ef-f9e4-449a-a8cb-70bd828ff698",
            "attributes": {}
          },
          {
            "id": "78bbf452-1798-48f5-ad27-ceeae5c2bff2",
            "name": "view-applications",
            "description": "${role_view-applications}",
            "composite": false,
            "clientRole": true,
            "containerId": "65bb96ef-f9e4-449a-a8cb-70bd828ff698",
            "attributes": {}
          },
          {
            "id": "645460d5-68ed-4981-9a53-19359ef3037d",
            "name": "manage-account-links",
            "description": "${role_manage-account-links}",
            "composite": false,
            "clientRole": true,
            "containerId": "65bb96ef-f9e4-449a-a8cb-70bd828ff698",
            "attributes": {}
          },
          {
            "id": "5f83f465-2606-45c0-ada9-046609f01a8a",
            "name": "manage-consent",
            "description": "${role_manage-consent}",
            "composite": true,
            "composites": {
              "client": {
                "account": [
                  "view-consent"
                ]
              }
            },
            "clientRole": true,
            "containerId": "65bb96ef-f9e4-449a-a8cb-70bd828ff698",
            "attributes": {}
          }
        ]
      }
    },
    "groups": [],
    "defaultRole": {
      "id": "03d5e42d-8df2-421e-ad43-58e0a517d5b5",
      "name": "default-roles-gamestore",
      "description": "${role_default-roles}",
      "composite": true,
      "clientRole": false,
      "containerId": "9e39887d-17d5-4452-99c2-7e6474572bc0"
    },
    "requiredCredentials": [
      "password"
    ],
    "otpPolicyType": "totp",
    "otpPolicyAlgorithm": "HmacSHA1",
    "otpPolicyInitialCounter": 0,
    "otpPolicyDigits": 6,
    "otpPolicyLookAheadWindow": 1,
    "otpPolicyPeriod": 30,
    "otpPolicyCodeReusable": false,
    "otpSupportedApplications": [
      "totpAppFreeOTPName",
      "totpAppGoogleName",
      "totpAppMicrosoftAuthenticatorName"
    ],
    "localizationTexts": {},
    "webAuthnPolicyRpEntityName": "keycloak",
    "webAuthnPolicySignatureAlgorithms": [
      "ES256",
      "RS256"
    ],
    "webAuthnPolicyRpId": "",
    "webAuthnPolicyAttestationConveyancePreference": "not specified",
    "webAuthnPolicyAuthenticatorAttachment": "not specified",
    "webAuthnPolicyRequireResidentKey": "not specified",
    "webAuthnPolicyUserVerificationRequirement": "not specified",
    "webAuthnPolicyCreateTimeout": 0,
    "webAuthnPolicyAvoidSameAuthenticatorRegister": false,
    "webAuthnPolicyAcceptableAaguids": [],
    "webAuthnPolicyExtraOrigins": [],
    "webAuthnPolicyPasswordlessRpEntityName": "keycloak",
    "webAuthnPolicyPasswordlessSignatureAlgorithms": [
      "ES256",
      "RS256"
    ],
    "webAuthnPolicyPasswordlessRpId": "",
    "webAuthnPolicyPasswordlessAttestationConveyancePreference": "not specified",
    "webAuthnPolicyPasswordlessAuthenticatorAttachment": "not specified",
    "webAuthnPolicyPasswordlessRequireResidentKey": "not specified",
    "webAuthnPolicyPasswordlessUserVerificationRequirement": "not specified",
    "webAuthnPolicyPasswordlessCreateTimeout": 0,
    "webAuthnPolicyPasswordlessAvoidSameAuthenticatorRegister": false,
    "webAuthnPolicyPasswordlessAcceptableAaguids": [],
    "webAuthnPolicyPasswordlessExtraOrigins": [],
    "scopeMappings": [
      {
        "clientScope": "offline_access",
        "roles": [
          "offline_access"
        ]
      }
    ],
    "clientScopeMappings": {
      "account": [
        {
          "client": "account-console",
          "roles": [
            "manage-account",
            "view-groups"
          ]
        }
      ]
    },
    "clients": [
      {
        "id": "65bb96ef-f9e4-449a-a8cb-70bd828ff698",
        "clientId": "account",
        "name": "${client_account}",
        "rootUrl": "${authBaseUrl}",
        "baseUrl": "/realms/gamestore/account/",
        "surrogateAuthRequired": false,
        "enabled": true,
        "alwaysDisplayInConsole": false,
        "clientAuthenticatorType": "client-secret",
        "redirectUris": [
          "/realms/gamestore/account/*"
        ],
        "webOrigins": [],
        "notBefore": 0,
        "bearerOnly": false,
        "consentRequired": false,
        "standardFlowEnabled": true,
        "implicitFlowEnabled": false,
        "directAccessGrantsEnabled": false,
        "serviceAccountsEnabled": false,
        "publicClient": true,
        "frontchannelLogout": false,
        "protocol": "openid-connect",
        "attributes": {
          "realm_client": "false",
          "post.logout.redirect.uris": "+"
        },
        "authenticationFlowBindingOverrides": {},
        "fullScopeAllowed": false,
        "nodeReRegistrationTimeout": 0,
        "defaultClientScopes": [
          "web-origins",
          "acr",
          "profile",
          "roles",
          "basic",
          "email"
        ],
        "optionalClientScopes": [
          "address",
          "phone",
          "organization",
          "offline_access",
          "microprofile-jwt"
        ]
      },
      {
        "id": "db06f42f-73fd-4fe5-b11b-36cda7c9a8f2",
        "clientId": "account-console",
        "name": "${client_account-console}",
        "rootUrl": "${authBaseUrl}",
        "baseUrl": "/realms/gamestore/account/",
        "surrogateAuthRequired": false,
        "enabled": true,
        "alwaysDisplayInConsole": false,
        "clientAuthenticatorType": "client-secret",
        "redirectUris": [
          "/realms/gamestore/account/*"
        ],
        "webOrigins": [],
        "notBefore": 0,
        "bearerOnly": false,
        "consentRequired": false,
        "standardFlowEnabled": true,
        "implicitFlowEnabled": false,
        "directAccessGrantsEnabled": false,
        "serviceAccountsEnabled": false,
        "publicClient": true,
        "frontchannelLogout": false,
        "protocol": "openid-connect",
        "attributes": {
          "realm_client": "false",
          "post.logout.redirect.uris": "+",
          "pkce.code.challenge.method": "S256"
        },
        "authenticationFlowBindingOverrides": {},
        "fullScopeAllowed": false,
        "nodeReRegistrationTimeout": 0,
        "protocolMappers": [
          {
            "id": "18030c2d-2331-4d7b-bb51-1b67067fa6aa",
            "name": "audience resolve",
            "protocol": "openid-connect",
            "protocolMapper": "oidc-audience-resolve-mapper",
            "consentRequired": false,
            "config": {}
          }
        ],
        "defaultClientScopes": [
          "web-origins",
          "acr",
          "profile",
          "roles",
          "basic",
          "email"
        ],
        "optionalClientScopes": [
          "address",
          "phone",
          "organization",
          "offline_access",
          "microprofile-jwt"
        ]
      },
      {
        "id": "566c0a57-fe33-49e3-8cdf-ac9334b20562",
        "clientId": "admin-cli",
        "name": "${client_admin-cli}",
        "surrogateAuthRequired": false,
        "enabled": true,
        "alwaysDisplayInConsole": false,
        "clientAuthenticatorType": "client-secret",
        "redirectUris": [],
        "webOrigins": [],
        "notBefore": 0,
        "bearerOnly": false,
        "consentRequired": false,
        "standardFlowEnabled": false,
        "implicitFlowEnabled": false,
        "directAccessGrantsEnabled": true,
        "serviceAccountsEnabled": false,
        "publicClient": true,
        "frontchannelLogout": false,
        "protocol": "openid-connect",
        "attributes": {
          "realm_client": "false",
          "client.use.lightweight.access.token.enabled": "true"
        },
        "authenticationFlowBindingOverrides": {},
        "fullScopeAllowed": true,
        "nodeReRegistrationTimeout": 0,
        "defaultClientScopes": [
          "web-origins",
          "acr",
          "profile",
          "roles",
          "basic",
          "email"
        ],
        "optionalClientScopes": [
          "address",
          "phone",
          "organization",
          "offline_access",
          "microprofile-jwt"
        ]
      },
      {
        "id": "053c9c90-a8b3-446e-944e-8793d3ecef5e",
        "clientId": "broker",
        "name": "${client_broker}",
        "surrogateAuthRequired": false,
        "enabled": true,
        "alwaysDisplayInConsole": false,
        "clientAuthenticatorType": "client-secret",
        "redirectUris": [],
        "webOrigins": [],
        "notBefore": 0,
        "bearerOnly": true,
        "consentRequired": false,
        "standardFlowEnabled": true,
        "implicitFlowEnabled": false,
        "directAccessGrantsEnabled": false,
        "serviceAccountsEnabled": false,
        "publicClient": false,
        "frontchannelLogout": false,
        "protocol": "openid-connect",
        "attributes": {
          "realm_client": "true"
        },
        "authenticationFlowBindingOverrides": {},
        "fullScopeAllowed": false,
        "nodeReRegistrationTimeout": 0,
        "defaultClientScopes": [
          "web-origins",
          "acr",
          "profile",
          "roles",
          "basic",
          "email"
        ],
        "optionalClientScopes": [
          "address",
          "phone",
          "organization",
          "offline_access",
          "microprofile-jwt"
        ]
      },
      {
        "id": "31ada7ee-f8ea-4f10-b0a1-bdfc1333b30e",
        "clientId": "realm-management",
        "name": "${client_realm-management}",
        "surrogateAuthRequired": false,
        "enabled": true,
        "alwaysDisplayInConsole": false,
        "clientAuthenticatorType": "client-secret",
        "redirectUris": [],
        "webOrigins": [],
        "notBefore": 0,
        "bearerOnly": true,
        "consentRequired": false,
        "standardFlowEnabled": true,
        "implicitFlowEnabled": false,
        "directAccessGrantsEnabled": false,
        "serviceAccountsEnabled": false,
        "publicClient": false,
        "frontchannelLogout": false,
        "protocol": "openid-connect",
        "attributes": {
          "realm_client": "true"
        },
        "authenticationFlowBindingOverrides": {},
        "fullScopeAllowed": false,
        "nodeReRegistrationTimeout": 0,
        "defaultClientScopes": [
          "web-origins",
          "acr",
          "profile",
          "roles",
          "basic",
          "email"
        ],
        "optionalClientScopes": [
          "address",
          "phone",
          "organization",
          "offline_access",
          "microprofile-jwt"
        ]
      },
      {
        "id": "887093f1-5456-4a6f-b433-7fdab933e450",
        "clientId": "security-admin-console",
        "name": "${client_security-admin-console}",
        "rootUrl": "${authAdminUrl}",
        "baseUrl": "/admin/gamestore/console/",
        "surrogateAuthRequired": false,
        "enabled": true,
        "alwaysDisplayInConsole": false,
        "clientAuthenticatorType": "client-secret",
        "redirectUris": [
          "/admin/gamestore/console/*"
        ],
        "webOrigins": [
          "+"
        ],
        "notBefore": 0,
        "bearerOnly": false,
        "consentRequired": false,
        "standardFlowEnabled": true,
        "implicitFlowEnabled": false,
        "directAccessGrantsEnabled": false,
        "serviceAccountsEnabled": false,
        "publicClient": true,
        "frontchannelLogout": false,
        "protocol": "openid-connect",
        "attributes": {
          "realm_client": "false",
          "client.use.lightweight.access.token.enabled": "true",
          "post.logout.redirect.uris": "+",
          "pkce.code.challenge.method": "S256"
        },
        "authenticationFlowBindingOverrides": {},
        "fullScopeAllowed": true,
        "nodeReRegistrationTimeout": 0,
        "protocolMappers": [
          {
            "id": "247e36c3-e86f-44ac-b9f9-193a4f25cc8d",
            "name": "locale",
            "protocol": "openid-connect",
            "protocolMapper": "oidc-usermodel-attribute-mapper",
            "consentRequired": false,
            "config": {
              "introspection.token.claim": "true",
              "userinfo.token.claim": "true",
              "user.attribute": "locale",
              "id.token.claim": "true",
              "access.token.claim": "true",
              "claim.name": "locale",
              "jsonType.label": "String"
            }
          }
        ],
        "defaultClientScopes": [
          "web-origins",
          "acr",
          "profile",
          "roles",
          "basic",
          "email"
        ],
        "optionalClientScopes": [
          "address",
          "phone",
          "organization",
          "offline_access",
          "microprofile-jwt"
        ]
      }
    ],
    "clientScopes": [
      {
        "id": "7d80a05a-308a-413d-9e5f-5263b0d861b4",
        "name": "address",
        "description": "OpenID Connect built-in scope: address",
        "protocol": "openid-connect",
        "attributes": {
          "include.in.token.scope": "true",
          "consent.screen.text": "${addressScopeConsentText}",
          "display.on.consent.screen": "true"
        },
        "protocolMappers": [
          {
            "id": "2701bc80-afd4-4d5c-a9ea-67a4b52d25a9",
            "name": "address",
            "protocol": "openid-connect",
            "protocolMapper": "oidc-address-mapper",
            "consentRequired": false,
            "config": {
              "user.attribute.formatted": "formatted",
              "user.attribute.country": "country",
              "introspection.token.claim": "true",
              "user.attribute.postal_code": "postal_code",
              "userinfo.token.claim": "true",
              "user.attribute.street": "street",
              "id.token.claim": "true",
              "user.attribute.region": "region",
              "access.token.claim": "true",
              "user.attribute.locality": "locality"
            }
          }
        ]
      },
      {
        "id": "60f7d00a-f777-4df8-9e4a-bb29b1986501",
        "name": "saml_organization",
        "description": "Organization Membership",
        "protocol": "saml",
        "attributes": {
          "display.on.consent.screen": "false"
        },
        "protocolMappers": [
          {
            "id": "9127ed5f-d2e3-4f74-a3d4-e84f2da51e60",
            "name": "organization",
            "protocol": "saml",
            "protocolMapper": "saml-organization-membership-mapper",
            "consentRequired": false,
            "config": {}
          }
        ]
      },
      {
        "id": "0b2aa814-5c37-4e6d-a07f-e45c7b072b0a",
        "name": "phone",
        "description": "OpenID Connect built-in scope: phone",
        "protocol": "openid-connect",
        "attributes": {
          "include.in.token.scope": "true",
          "consent.screen.text": "${phoneScopeConsentText}",
          "display.on.consent.screen": "true"
        },
        "protocolMappers": [
          {
            "id": "e164c76d-8274-4c3a-b333-0e68efa668b0",
            "name": "phone number",
            "protocol": "openid-connect",
            "protocolMapper": "oidc-usermodel-attribute-mapper",
            "consentRequired": false,
            "config": {
              "introspection.token.claim": "true",
              "userinfo.token.claim": "true",
              "user.attribute": "phoneNumber",
              "id.token.claim": "true",
              "access.token.claim": "true",
              "claim.name": "phone_number",
              "jsonType.label": "String"
            }
          },
          {
            "id": "91652adb-8f91-42fb-be1d-4c253e3dd1b2",
            "name": "phone number verified",
            "protocol": "openid-connect",
            "protocolMapper": "oidc-usermodel-attribute-mapper",
            "consentRequired": false,
            "config": {
              "introspection.token.claim": "true",
              "userinfo.token.claim": "true",
              "user.attribute": "phoneNumberVerified",
              "id.token.claim": "true",
              "access.token.claim": "true",
              "claim.name": "phone_number_verified",
              "jsonType.label": "boolean"
            }
          }
        ]
      },
      {
        "id": "9afe6d61-6d7b-4764-8cc1-a0a0899d829c",
        "name": "email",
        "description": "OpenID Connect built-in scope: email",
        "protocol": "openid-connect",
        "attributes": {
          "include.in.token.scope": "true",
          "consent.screen.text": "${emailScopeConsentText}",
          "display.on.consent.screen": "true"
        },
        "protocolMappers": [
          {
            "id": "37b9fcf9-ea5e-472a-bc97-dc48d8375440",
            "name": "email",
            "protocol": "openid-connect",
            "protocolMapper": "oidc-usermodel-attribute-mapper",
            "consentRequired": false,
            "config": {
              "introspection.token.claim": "true",
              "userinfo.token.claim": "true",
              "user.attribute": "email",
              "id.token.claim": "true",
              "access.token.claim": "true",
              "claim.name": "email",
              "jsonType.label": "String"
            }
          },
          {
            "id": "8dca4a9a-b703-4972-8188-aa2b135df214",
            "name": "email verified",
            "protocol": "openid-connect",
            "protocolMapper": "oidc-usermodel-property-mapper",
            "consentRequired": false,
            "config": {
              "introspection.token.claim": "true",
              "userinfo.token.claim": "true",
              "user.attribute": "emailVerified",
              "id.token.claim": "true",
              "access.token.claim": "true",
              "claim.name": "email_verified",
              "jsonType.label": "boolean"
            }
          }
        ]
      },
      {
        "id": "33d31f46-6db6-44e4-93d8-5683991fbf90",
        "name": "acr",
        "description": "OpenID Connect scope for add acr (authentication context class reference) to the token",
        "protocol": "openid-connect",
        "attributes": {
          "include.in.token.scope": "false",
          "display.on.consent.screen": "false"
        },
        "protocolMappers": [
          {
            "id": "92858a5f-0c4d-4951-bf5a-5dbf078c9d35",
            "name": "acr loa level",
            "protocol": "openid-connect",
            "protocolMapper": "oidc-acr-mapper",
            "consentRequired": false,
            "config": {
              "id.token.claim": "true",
              "introspection.token.claim": "true",
              "access.token.claim": "true"
            }
          }
        ]
      },
      {
        "id": "9db2cf9d-daa0-4da0-91cd-8ae2ff456c1e",
        "name": "basic",
        "description": "OpenID Connect scope for add all basic claims to the token",
        "protocol": "openid-connect",
        "attributes": {
          "include.in.token.scope": "false",
          "display.on.consent.screen": "false"
        },
        "protocolMappers": [
          {
            "id": "68dba3a1-5aaf-48ca-8160-ba9964e7344d",
            "name": "auth_time",
            "protocol": "openid-connect",
            "protocolMapper": "oidc-usersessionmodel-note-mapper",
            "consentRequired": false,
            "config": {
              "user.session.note": "AUTH_TIME",
              "id.token.claim": "true",
              "introspection.token.claim": "true",
              "access.token.claim": "true",
              "claim.name": "auth_time",
              "jsonType.label": "long"
            }
          },
          {
            "id": "4dcc7657-c16e-45bd-bfe0-f085d32ea438",
            "name": "sub",
            "protocol": "openid-connect",
            "protocolMapper": "oidc-sub-mapper",
            "consentRequired": false,
            "config": {
              "introspection.token.claim": "true",
              "access.token.claim": "true"
            }
          }
        ]
      },
      {
        "id": "07138c22-5eec-4cd1-94f5-f68b5e8d18e5",
        "name": "web-origins",
        "description": "OpenID Connect scope for add allowed web origins to the access token",
        "protocol": "openid-connect",
        "attributes": {
          "include.in.token.scope": "false",
          "consent.screen.text": "",
          "display.on.consent.screen": "false"
        },
        "protocolMappers": [
          {
            "id": "5076834d-6b1b-4029-8c71-2ae8aafda51b",
            "name": "allowed web origins",
            "protocol": "openid-connect",
            "protocolMapper": "oidc-allowed-origins-mapper",
            "consentRequired": false,
            "config": {
              "introspection.token.claim": "true",
              "access.token.claim": "true"
            }
          }
        ]
      },
      {
        "id": "7181e53a-dda1-4e17-8b24-d72b83eacb94",
        "name": "role_list",
        "description": "SAML role list",
        "protocol": "saml",
        "attributes": {
          "consent.screen.text": "${samlRoleListScopeConsentText}",
          "display.on.consent.screen": "true"
        },
        "protocolMappers": [
          {
            "id": "94f54d7c-2927-4b9f-b0a8-2dce84cd2002",
            "name": "role list",
            "protocol": "saml",
            "protocolMapper": "saml-role-list-mapper",
            "consentRequired": false,
            "config": {
              "single": "false",
              "attribute.nameformat": "Basic",
              "attribute.name": "Role"
            }
          }
        ]
      },
      {
        "id": "b71c74a7-4638-4b21-a89a-e4f74d2a58bf",
        "name": "profile",
        "description": "OpenID Connect built-in scope: profile",
        "protocol": "openid-connect",
        "attributes": {
          "include.in.token.scope": "true",
          "consent.screen.text": "${profileScopeConsentText}",
          "display.on.consent.screen": "true"
        },
        "protocolMappers": [
          {
            "id": "016d3ec4-de7b-467b-8e0f-5a19ac2076c0",
            "name": "locale",
            "protocol": "openid-connect",
            "protocolMapper": "oidc-usermodel-attribute-mapper",
            "consentRequired": false,
            "config": {
              "introspection.token.claim": "true",
              "userinfo.token.claim": "true",
              "user.attribute": "locale",
              "id.token.claim": "true",
              "access.token.claim": "true",
              "claim.name": "locale",
              "jsonType.label": "String"
            }
          },
          {
            "id": "07a7bc4f-a048-4343-a121-68bdf31062c8",
            "name": "updated at",
            "protocol": "openid-connect",
            "protocolMapper": "oidc-usermodel-attribute-mapper",
            "consentRequired": false,
            "config": {
              "introspection.token.claim": "true",
              "userinfo.token.claim": "true",
              "user.attribute": "updatedAt",
              "id.token.claim": "true",
              "access.token.claim": "true",
              "claim.name": "updated_at",
              "jsonType.label": "long"
            }
          },
          {
            "id": "618a637f-e5b6-4acd-b99a-05fd20f560c0",
            "name": "nickname",
            "protocol": "openid-connect",
            "protocolMapper": "oidc-usermodel-attribute-mapper",
            "consentRequired": false,
            "config": {
              "introspection.token.claim": "true",
              "userinfo.token.claim": "true",
              "user.attribute": "nickname",
              "id.token.claim": "true",
              "access.token.claim": "true",
              "claim.name": "nickname",
              "jsonType.label": "String"
            }
          },
          {
            "id": "612e5a35-509e-4ec6-96dd-a30b7af0269b",
            "name": "picture",
            "protocol": "openid-connect",
            "protocolMapper": "oidc-usermodel-attribute-mapper",
            "consentRequired": false,
            "config": {
              "introspection.token.claim": "true",
              "userinfo.token.claim": "true",
              "user.attribute": "picture",
              "id.token.claim": "true",
              "access.token.claim": "true",
              "claim.name": "picture",
              "jsonType.label": "String"
            }
          },
          {
            "id": "8a121a44-c079-45ea-8aaf-8bcd9ef83c5d",
            "name": "profile",
            "protocol": "openid-connect",
            "protocolMapper": "oidc-usermodel-attribute-mapper",
            "consentRequired": false,
            "config": {
              "introspection.token.claim": "true",
              "userinfo.token.claim": "true",
              "user.attribute": "profile",
              "id.token.claim": "true",
              "access.token.claim": "true",
              "claim.name": "profile",
              "jsonType.label": "String"
            }
          },
          {
            "id": "af4bbe9c-4b4b-4b2d-a9bc-749fb4ed8dbd",
            "name": "website",
            "protocol": "openid-connect",
            "protocolMapper": "oidc-usermodel-attribute-mapper",
            "consentRequired": false,
            "config": {
              "introspection.token.claim": "true",
              "userinfo.token.claim": "true",
              "user.attribute": "website",
              "id.token.claim": "true",
              "access.token.claim": "true",
              "claim.name": "website",
              "jsonType.label": "String"
            }
          },
          {
            "id": "ba5225e1-bc3e-43fc-8391-26a7755e7841",
            "name": "full name",
            "protocol": "openid-connect",
            "protocolMapper": "oidc-full-name-mapper",
            "consentRequired": false,
            "config": {
              "id.token.claim": "true",
              "introspection.token.claim": "true",
              "access.token.claim": "true",
              "userinfo.token.claim": "true"
            }
          },
          {
            "id": "dfdb11ce-22e1-442d-9663-d4ef6bfba992",
            "name": "gender",
            "protocol": "openid-connect",
            "protocolMapper": "oidc-usermodel-attribute-mapper",
            "consentRequired": false,
            "config": {
              "introspection.token.claim": "true",
              "userinfo.token.claim": "true",
              "user.attribute": "gender",
              "id.token.claim": "true",
              "access.token.claim": "true",
              "claim.name": "gender",
              "jsonType.label": "String"
            }
          },
          {
            "id": "3e2d7909-1172-42c4-b661-f0ab47f29a7b",
            "name": "birthdate",
            "protocol": "openid-connect",
            "protocolMapper": "oidc-usermodel-attribute-mapper",
            "consentRequired": false,
            "config": {
              "introspection.token.claim": "true",
              "userinfo.token.claim": "true",
              "user.attribute": "birthdate",
              "id.token.claim": "true",
              "access.token.claim": "true",
              "claim.name": "birthdate",
              "jsonType.label": "String"
            }
          },
          {
            "id": "0530a8ea-f7db-4b4a-9ad5-2b53b916cc42",
            "name": "family name",
            "protocol": "openid-connect",
            "protocolMapper": "oidc-usermodel-attribute-mapper",
            "consentRequired": false,
            "config": {
              "introspection.token.claim": "true",
              "userinfo.token.claim": "true",
              "user.attribute": "lastName",
              "id.token.claim": "true",
              "access.token.claim": "true",
              "claim.name": "family_name",
              "jsonType.label": "String"
            }
          },
          {
            "id": "acc886b9-d133-4c70-9d90-4fa99e87dd34",
            "name": "zoneinfo",
            "protocol": "openid-connect",
            "protocolMapper": "oidc-usermodel-attribute-mapper",
            "consentRequired": false,
            "config": {
              "introspection.token.claim": "true",
              "userinfo.token.claim": "true",
              "user.attribute": "zoneinfo",
              "id.token.claim": "true",
              "access.token.claim": "true",
              "claim.name": "zoneinfo",
              "jsonType.label": "String"
            }
          },
          {
            "id": "2891ee49-1ba2-4f83-ac96-f0ecf398ceb1",
            "name": "given name",
            "protocol": "openid-connect",
            "protocolMapper": "oidc-usermodel-attribute-mapper",
            "consentRequired": false,
            "config": {
              "introspection.token.claim": "true",
              "userinfo.token.claim": "true",
              "user.attribute": "firstName",
              "id.token.claim": "true",
              "access.token.claim": "true",
              "claim.name": "given_name",
              "jsonType.label": "String"
            }
          },
          {
            "id": "c7014ad9-68e3-49c3-a6c4-d35caf0c7ae7",
            "name": "username",
            "protocol": "openid-connect",
            "protocolMapper": "oidc-usermodel-attribute-mapper",
            "consentRequired": false,
            "config": {
              "introspection.token.claim": "true",
              "userinfo.token.claim": "true",
              "user.attribute": "username",
              "id.token.claim": "true",
              "access.token.claim": "true",
              "claim.name": "preferred_username",
              "jsonType.label": "String"
            }
          },
          {
            "id": "bbbe62b6-8580-4690-99e0-62ad03a6d7e7",
            "name": "middle name",
            "protocol": "openid-connect",
            "protocolMapper": "oidc-usermodel-attribute-mapper",
            "consentRequired": false,
            "config": {
              "introspection.token.claim": "true",
              "userinfo.token.claim": "true",
              "user.attribute": "middleName",
              "id.token.claim": "true",
              "access.token.claim": "true",
              "claim.name": "middle_name",
              "jsonType.label": "String"
            }
          }
        ]
      },
      {
        "id": "e62dbef8-4128-402b-afe3-b35ba9bbf6b4",
        "name": "organization",
        "description": "Additional claims about the organization a subject belongs to",
        "protocol": "openid-connect",
        "attributes": {
          "include.in.token.scope": "true",
          "consent.screen.text": "${organizationScopeConsentText}",
          "display.on.consent.screen": "true"
        },
        "protocolMappers": [
          {
            "id": "0e8446ba-5964-43f3-9286-740f35f9dd57",
            "name": "organization",
            "protocol": "openid-connect",
            "protocolMapper": "oidc-organization-membership-mapper",
            "consentRequired": false,
            "config": {
              "id.token.claim": "true",
              "introspection.token.claim": "true",
              "access.token.claim": "true",
              "claim.name": "organization",
              "jsonType.label": "String",
              "multivalued": "true"
            }
          }
        ]
      },
      {
        "id": "94860172-c425-41fe-9a8e-ce725e7566be",
        "name": "offline_access",
        "description": "OpenID Connect built-in scope: offline_access",
        "protocol": "openid-connect",
        "attributes": {
          "consent.screen.text": "${offlineAccessScopeConsentText}",
          "display.on.consent.screen": "true"
        }
      },
      {
        "id": "88ce975c-a326-4603-8eea-822cec02821b",
        "name": "roles",
        "description": "OpenID Connect scope for add user roles to the access token",
        "protocol": "openid-connect",
        "attributes": {
          "include.in.token.scope": "false",
          "consent.screen.text": "${rolesScopeConsentText}",
          "display.on.consent.screen": "true"
        },
        "protocolMappers": [
          {
            "id": "980cc246-282c-4d12-9c16-575728fc09df",
            "name": "audience resolve",
            "protocol": "openid-connect",
            "protocolMapper": "oidc-audience-resolve-mapper",
            "consentRequired": false,
            "config": {
              "introspection.token.claim": "true",
              "access.token.claim": "true"
            }
          },
          {
            "id": "8b4ee8f6-7fb0-4edb-aad6-6d42164e23af",
            "name": "client roles",
            "protocol": "openid-connect",
            "protocolMapper": "oidc-usermodel-client-role-mapper",
            "consentRequired": false,
            "config": {
              "user.attribute": "foo",
              "introspection.token.claim": "true",
              "access.token.claim": "true",
              "claim.name": "resource_access.${client_id}.roles",
              "jsonType.label": "String",
              "multivalued": "true"
            }
          },
          {
            "id": "e7e19572-fa46-4de9-8855-0dc0fced2e98",
            "name": "realm roles",
            "protocol": "openid-connect",
            "protocolMapper": "oidc-usermodel-realm-role-mapper",
            "consentRequired": false,
            "config": {
              "user.attribute": "foo",
              "introspection.token.claim": "true",
              "access.token.claim": "true",
              "claim.name": "realm_access.roles",
              "jsonType.label": "String",
              "multivalued": "true"
            }
          }
        ]
      },
      {
        "id": "81ebe7eb-b367-4d50-9c38-f0210fccb339",
        "name": "microprofile-jwt",
        "description": "Microprofile - JWT built-in scope",
        "protocol": "openid-connect",
        "attributes": {
          "include.in.token.scope": "true",
          "display.on.consent.screen": "false"
        },
        "protocolMappers": [
          {
            "id": "85bd7584-a439-4572-86a4-b28a19a072bf",
            "name": "groups",
            "protocol": "openid-connect",
            "protocolMapper": "oidc-usermodel-realm-role-mapper",
            "consentRequired": false,
            "config": {
              "introspection.token.claim": "true",
              "multivalued": "true",
              "user.attribute": "foo",
              "id.token.claim": "true",
              "access.token.claim": "true",
              "claim.name": "groups",
              "jsonType.label": "String"
            }
          },
          {
            "id": "50017c06-eb11-45c6-9f58-eb97d63b126d",
            "name": "upn",
            "protocol": "openid-connect",
            "protocolMapper": "oidc-usermodel-attribute-mapper",
            "consentRequired": false,
            "config": {
              "introspection.token.claim": "true",
              "userinfo.token.claim": "true",
              "user.attribute": "username",
              "id.token.claim": "true",
              "access.token.claim": "true",
              "claim.name": "upn",
              "jsonType.label": "String"
            }
          }
        ]
      }
    ],
    "defaultDefaultClientScopes": [
      "role_list",
      "saml_organization",
      "profile",
      "email",
      "roles",
      "web-origins",
      "acr",
      "basic"
    ],
    "defaultOptionalClientScopes": [
      "offline_access",
      "address",
      "phone",
      "microprofile-jwt",
      "organization"
    ],
    "browserSecurityHeaders": {
      "contentSecurityPolicyReportOnly": "",
      "xContentTypeOptions": "nosniff",
      "referrerPolicy": "no-referrer",
      "xRobotsTag": "none",
      "xFrameOptions": "SAMEORIGIN",
      "contentSecurityPolicy": "frame-src 'self'; frame-ancestors 'self'; object-src 'none';",
      "xXSSProtection": "1; mode=block",
      "strictTransportSecurity": "max-age=31536000; includeSubDomains"
    },
    "smtpServer": {},
    "eventsEnabled": false,
    "eventsListeners": [
      "jboss-logging"
    ],
    "enabledEventTypes": [],
    "adminEventsEnabled": false,
    "adminEventsDetailsEnabled": false,
    "identityProviders": [],
    "identityProviderMappers": [],
    "components": {
      "org.keycloak.services.clientregistration.policy.ClientRegistrationPolicy": [
        {
          "id": "ae376cb3-4af9-4a62-991f-39b15cda52fb",
          "name": "Consent Required",
          "providerId": "consent-required",
          "subType": "anonymous",
          "subComponents": {},
          "config": {}
        },
        {
          "id": "b6d22ccf-db6f-4106-b36f-32821dec4758",
          "name": "Allowed Protocol Mapper Types",
          "providerId": "allowed-protocol-mappers",
          "subType": "anonymous",
          "subComponents": {},
          "config": {
            "allowed-protocol-mapper-types": [
              "oidc-usermodel-attribute-mapper",
              "saml-user-property-mapper",
              "oidc-usermodel-property-mapper",
              "oidc-address-mapper",
              "oidc-full-name-mapper",
              "saml-user-attribute-mapper",
              "oidc-sha256-pairwise-sub-mapper",
              "saml-role-list-mapper"
            ]
          }
        },
        {
          "id": "d806a4cd-9291-4e3b-93e5-d096fe1dcde5",
          "name": "Allowed Protocol Mapper Types",
          "providerId": "allowed-protocol-mappers",
          "subType": "authenticated",
          "subComponents": {},
          "config": {
            "allowed-protocol-mapper-types": [
              "oidc-usermodel-property-mapper",
              "oidc-usermodel-attribute-mapper",
              "saml-user-property-mapper",
              "oidc-address-mapper",
              "saml-role-list-mapper",
              "oidc-full-name-mapper",
              "oidc-sha256-pairwise-sub-mapper",
              "saml-user-attribute-mapper"
            ]
          }
        },
        {
          "id": "52f5125c-914c-43e2-8997-a25dce84c3ca",
          "name": "Trusted Hosts",
          "providerId": "trusted-hosts",
          "subType": "anonymous",
          "subComponents": {},
          "config": {
            "host-sending-registration-request-must-match": [
              "true"
            ],
            "client-uris-must-match": [
              "true"
            ]
          }
        },
        {
          "id": "9fd1ceb3-50bf-429d-8bb0-ad7ed2f49f80",
          "name": "Allowed Client Scopes",
          "providerId": "allowed-client-templates",
          "subType": "anonymous",
          "subComponents": {},
          "config": {
            "allow-default-scopes": [
              "true"
            ]
          }
        },
        {
          "id": "c15d8b25-4f10-4026-a919-4fd289a2a7e7",
          "name": "Allowed Client Scopes",
          "providerId": "allowed-client-templates",
          "subType": "authenticated",
          "subComponents": {},
          "config": {
            "allow-default-scopes": [
              "true"
            ]
          }
        },
        {
          "id": "4803964c-c6b6-4cf4-bce4-3e83cc563dba",
          "name": "Full Scope Disabled",
          "providerId": "scope",
          "subType": "anonymous",
          "subComponents": {},
          "config": {}
        },
        {
          "id": "04a037b3-bcc5-45ca-924b-78a3b7d34db4",
          "name": "Max Clients Limit",
          "providerId": "max-clients",
          "subType": "anonymous",
          "subComponents": {},
          "config": {
            "max-clients": [
              "200"
            ]
          }
        }
      ],
      "org.keycloak.keys.KeyProvider": [
        {
          "id": "30b7b172-e85d-477c-a2b3-fca39412cf40",
          "name": "rsa-enc-generated",
          "providerId": "rsa-enc-generated",
          "subComponents": {},
          "config": {
            "priority": [
              "100"
            ],
            "algorithm": [
              "RSA-OAEP"
            ]
          }
        },
        {
          "id": "df826518-a18a-4166-991c-673fe078c55a",
          "name": "hmac-generated-hs512",
          "providerId": "hmac-generated",
          "subComponents": {},
          "config": {
            "priority": [
              "100"
            ],
            "algorithm": [
              "HS512"
            ]
          }
        },
        {
          "id": "22381e4d-114f-41f9-a95a-3fa4148468ea",
          "name": "aes-generated",
          "providerId": "aes-generated",
          "subComponents": {},
          "config": {
            "priority": [
              "100"
            ]
          }
        },
        {
          "id": "cc954f29-863c-42ef-b97e-45c57e17e863",
          "name": "rsa-generated",
          "providerId": "rsa-generated",
          "subComponents": {},
          "config": {
            "priority": [
              "100"
            ]
          }
        }
      ]
    },
    "internationalizationEnabled": false,
    "supportedLocales": [],
    "authenticationFlows": [
      {
        "id": "42d37c04-b12c-4617-be0d-b292bbc9a314",
        "alias": "Account verification options",
        "description": "Method with which to verity the existing account",
        "providerId": "basic-flow",
        "topLevel": false,
        "builtIn": true,
        "authenticationExecutions": [
          {
            "authenticator": "idp-email-verification",
            "authenticatorFlow": false,
            "requirement": "ALTERNATIVE",
            "priority": 10,
            "autheticatorFlow": false,
            "userSetupAllowed": false
          },
          {
            "authenticatorFlow": true,
            "requirement": "ALTERNATIVE",
            "priority": 20,
            "autheticatorFlow": true,
            "flowAlias": "Verify Existing Account by Re-authentication",
            "userSetupAllowed": false
          }
        ]
      },
      {
        "id": "d075e033-ce39-4b9c-8166-25c55526ffe6",
        "alias": "Browser - Conditional OTP",
        "description": "Flow to determine if the OTP is required for the authentication",
        "providerId": "basic-flow",
        "topLevel": false,
        "builtIn": true,
        "authenticationExecutions": [
          {
            "authenticator": "conditional-user-configured",
            "authenticatorFlow": false,
            "requirement": "REQUIRED",
            "priority": 10,
            "autheticatorFlow": false,
            "userSetupAllowed": false
          },
          {
            "authenticator": "auth-otp-form",
            "authenticatorFlow": false,
            "requirement": "REQUIRED",
            "priority": 20,
            "autheticatorFlow": false,
            "userSetupAllowed": false
          }
        ]
      },
      {
        "id": "b1694c4c-b6fd-4634-8bbf-5d11e0b1ea8c",
        "alias": "Browser - Conditional Organization",
        "description": "Flow to determine if the organization identity-first login is to be used",
        "providerId": "basic-flow",
        "topLevel": false,
        "builtIn": true,
        "authenticationExecutions": [
          {
            "authenticator": "conditional-user-configured",
            "authenticatorFlow": false,
            "requirement": "REQUIRED",
            "priority": 10,
            "autheticatorFlow": false,
            "userSetupAllowed": false
          },
          {
            "authenticator": "organization",
            "authenticatorFlow": false,
            "requirement": "ALTERNATIVE",
            "priority": 20,
            "autheticatorFlow": false,
            "userSetupAllowed": false
          }
        ]
      },
      {
        "id": "8afe5dab-b452-4360-b476-c418ef7106f8",
        "alias": "Direct Grant - Conditional OTP",
        "description": "Flow to determine if the OTP is required for the authentication",
        "providerId": "basic-flow",
        "topLevel": false,
        "builtIn": true,
        "authenticationExecutions": [
          {
            "authenticator": "conditional-user-configured",
            "authenticatorFlow": false,
            "requirement": "REQUIRED",
            "priority": 10,
            "autheticatorFlow": false,
            "userSetupAllowed": false
          },
          {
            "authenticator": "direct-grant-validate-otp",
            "authenticatorFlow": false,
            "requirement": "REQUIRED",
            "priority": 20,
            "autheticatorFlow": false,
            "userSetupAllowed": false
          }
        ]
      },
      {
        "id": "491a2aea-e95b-494c-8dca-08f8c0459e9f",
        "alias": "First Broker Login - Conditional Organization",
        "description": "Flow to determine if the authenticator that adds organization members is to be used",
        "providerId": "basic-flow",
        "topLevel": false,
        "builtIn": true,
        "authenticationExecutions": [
          {
            "authenticator": "conditional-user-configured",
            "authenticatorFlow": false,
            "requirement": "REQUIRED",
            "priority": 10,
            "autheticatorFlow": false,
            "userSetupAllowed": false
          },
          {
            "authenticator": "idp-add-organization-member",
            "authenticatorFlow": false,
            "requirement": "REQUIRED",
            "priority": 20,
            "autheticatorFlow": false,
            "userSetupAllowed": false
          }
        ]
      },
      {
        "id": "d35eb362-38ee-40fa-bf24-9c87478e864b",
        "alias": "First broker login - Conditional OTP",
        "description": "Flow to determine if the OTP is required for the authentication",
        "providerId": "basic-flow",
        "topLevel": false,
        "builtIn": true,
        "authenticationExecutions": [
          {
            "authenticator": "conditional-user-configured",
            "authenticatorFlow": false,
            "requirement": "REQUIRED",
            "priority": 10,
            "autheticatorFlow": false,
            "userSetupAllowed": false
          },
          {
            "authenticator": "auth-otp-form",
            "authenticatorFlow": false,
            "requirement": "REQUIRED",
            "priority": 20,
            "autheticatorFlow": false,
            "userSetupAllowed": false
          }
        ]
      },
      {
        "id": "8f4f6017-9bc9-4f91-aa0e-bdef7a8b6be0",
        "alias": "Handle Existing Account",
        "description": "Handle what to do if there is existing account with same email/username like authenticated identity provider",
        "providerId": "basic-flow",
        "topLevel": false,
        "builtIn": true,
        "authenticationExecutions": [
          {
            "authenticator": "idp-confirm-link",
            "authenticatorFlow": false,
            "requirement": "REQUIRED",
            "priority": 10,
            "autheticatorFlow": false,
            "userSetupAllowed": false
          },
          {
            "authenticatorFlow": true,
            "requirement": "REQUIRED",
            "priority": 20,
            "autheticatorFlow": true,
            "flowAlias": "Account verification options",
            "userSetupAllowed": false
          }
        ]
      },
      {
        "id": "664265c0-7d88-4f60-8bbc-7a101d6b97cc",
        "alias": "Organization",
        "providerId": "basic-flow",
        "topLevel": false,
        "builtIn": true,
        "authenticationExecutions": [
          {
            "authenticatorFlow": true,
            "requirement": "CONDITIONAL",
            "priority": 10,
            "autheticatorFlow": true,
            "flowAlias": "Browser - Conditional Organization",
            "userSetupAllowed": false
          }
        ]
      },
      {
        "id": "e529bfa0-48e4-4dcc-b7c1-e016540f3176",
        "alias": "Reset - Conditional OTP",
        "description": "Flow to determine if the OTP should be reset or not. Set to REQUIRED to force.",
        "providerId": "basic-flow",
        "topLevel": false,
        "builtIn": true,
        "authenticationExecutions": [
          {
            "authenticator": "conditional-user-configured",
            "authenticatorFlow": false,
            "requirement": "REQUIRED",
            "priority": 10,
            "autheticatorFlow": false,
            "userSetupAllowed": false
          },
          {
            "authenticator": "reset-otp",
            "authenticatorFlow": false,
            "requirement": "REQUIRED",
            "priority": 20,
            "autheticatorFlow": false,
            "userSetupAllowed": false
          }
        ]
      },
      {
        "id": "7bc3e9dc-a885-4a68-992d-f8e6aecfac98",
        "alias": "User creation or linking",
        "description": "Flow for the existing/non-existing user alternatives",
        "providerId": "basic-flow",
        "topLevel": false,
        "builtIn": true,
        "authenticationExecutions": [
          {
            "authenticatorConfig": "create unique user config",
            "authenticator": "idp-create-user-if-unique",
            "authenticatorFlow": false,
            "requirement": "ALTERNATIVE",
            "priority": 10,
            "autheticatorFlow": false,
            "userSetupAllowed": false
          },
          {
            "authenticatorFlow": true,
            "requirement": "ALTERNATIVE",
            "priority": 20,
            "autheticatorFlow": true,
            "flowAlias": "Handle Existing Account",
            "userSetupAllowed": false
          }
        ]
      },
      {
        "id": "84db0e6c-8b1c-4843-aa41-b318294c0e07",
        "alias": "Verify Existing Account by Re-authentication",
        "description": "Reauthentication of existing account",
        "providerId": "basic-flow",
        "topLevel": false,
        "builtIn": true,
        "authenticationExecutions": [
          {
            "authenticator": "idp-username-password-form",
            "authenticatorFlow": false,
            "requirement": "REQUIRED",
            "priority": 10,
            "autheticatorFlow": false,
            "userSetupAllowed": false
          },
          {
            "authenticatorFlow": true,
            "requirement": "CONDITIONAL",
            "priority": 20,
            "autheticatorFlow": true,
            "flowAlias": "First broker login - Conditional OTP",
            "userSetupAllowed": false
          }
        ]
      },
      {
        "id": "26a8e5d9-e247-4959-8bcc-f7582dcfa2ca",
        "alias": "browser",
        "description": "Browser based authentication",
        "providerId": "basic-flow",
        "topLevel": true,
        "builtIn": true,
        "authenticationExecutions": [
          {
            "authenticator": "auth-cookie",
            "authenticatorFlow": false,
            "requirement": "ALTERNATIVE",
            "priority": 10,
            "autheticatorFlow": false,
            "userSetupAllowed": false
          },
          {
            "authenticator": "auth-spnego",
            "authenticatorFlow": false,
            "requirement": "DISABLED",
            "priority": 20,
            "autheticatorFlow": false,
            "userSetupAllowed": false
          },
          {
            "authenticator": "identity-provider-redirector",
            "authenticatorFlow": false,
            "requirement": "ALTERNATIVE",
            "priority": 25,
            "autheticatorFlow": false,
            "userSetupAllowed": false
          },
          {
            "authenticatorFlow": true,
            "requirement": "ALTERNATIVE",
            "priority": 26,
            "autheticatorFlow": true,
            "flowAlias": "Organization",
            "userSetupAllowed": false
          },
          {
            "authenticatorFlow": true,
            "requirement": "ALTERNATIVE",
            "priority": 30,
            "autheticatorFlow": true,
            "flowAlias": "forms",
            "userSetupAllowed": false
          }
        ]
      },
      {
        "id": "8dacbf58-501f-467f-87af-33a3c4ff7c85",
        "alias": "clients",
        "description": "Base authentication for clients",
        "providerId": "client-flow",
        "topLevel": true,
        "builtIn": true,
        "authenticationExecutions": [
          {
            "authenticator": "client-secret",
            "authenticatorFlow": false,
            "requirement": "ALTERNATIVE",
            "priority": 10,
            "autheticatorFlow": false,
            "userSetupAllowed": false
          },
          {
            "authenticator": "client-jwt",
            "authenticatorFlow": false,
            "requirement": "ALTERNATIVE",
            "priority": 20,
            "autheticatorFlow": false,
            "userSetupAllowed": false
          },
          {
            "authenticator": "client-secret-jwt",
            "authenticatorFlow": false,
            "requirement": "ALTERNATIVE",
            "priority": 30,
            "autheticatorFlow": false,
            "userSetupAllowed": false
          },
          {
            "authenticator": "client-x509",
            "authenticatorFlow": false,
            "requirement": "ALTERNATIVE",
            "priority": 40,
            "autheticatorFlow": false,
            "userSetupAllowed": false
          }
        ]
      },
      {
        "id": "be9fcef7-8435-47ad-9c62-f2817e3debd3",
        "alias": "direct grant",
        "description": "OpenID Connect Resource Owner Grant",
        "providerId": "basic-flow",
        "topLevel": true,
        "builtIn": true,
        "authenticationExecutions": [
          {
            "authenticator": "direct-grant-validate-username",
            "authenticatorFlow": false,
            "requirement": "REQUIRED",
            "priority": 10,
            "autheticatorFlow": false,
            "userSetupAllowed": false
          },
          {
            "authenticator": "direct-grant-validate-password",
            "authenticatorFlow": false,
            "requirement": "REQUIRED",
            "priority": 20,
            "autheticatorFlow": false,
            "userSetupAllowed": false
          },
          {
            "authenticatorFlow": true,
            "requirement": "CONDITIONAL",
            "priority": 30,
            "autheticatorFlow": true,
            "flowAlias": "Direct Grant - Conditional OTP",
            "userSetupAllowed": false
          }
        ]
      },
      {
        "id": "b95efe68-6d41-4da9-a6f8-facf1563f8ed",
        "alias": "docker auth",
        "description": "Used by Docker clients to authenticate against the IDP",
        "providerId": "basic-flow",
        "topLevel": true,
        "builtIn": true,
        "authenticationExecutions": [
          {
            "authenticator": "docker-http-basic-authenticator",
            "authenticatorFlow": false,
            "requirement": "REQUIRED",
            "priority": 10,
            "autheticatorFlow": false,
            "userSetupAllowed": false
          }
        ]
      },
      {
        "id": "7aa4555b-732c-41e0-a8cc-488b5c1eabc3",
        "alias": "first broker login",
        "description": "Actions taken after first broker login with identity provider account, which is not yet linked to any Keycloak account",
        "providerId": "basic-flow",
        "topLevel": true,
        "builtIn": true,
        "authenticationExecutions": [
          {
            "authenticatorConfig": "review profile config",
            "authenticator": "idp-review-profile",
            "authenticatorFlow": false,
            "requirement": "REQUIRED",
            "priority": 10,
            "autheticatorFlow": false,
            "userSetupAllowed": false
          },
          {
            "authenticatorFlow": true,
            "requirement": "REQUIRED",
            "priority": 20,
            "autheticatorFlow": true,
            "flowAlias": "User creation or linking",
            "userSetupAllowed": false
          },
          {
            "authenticatorFlow": true,
            "requirement": "CONDITIONAL",
            "priority": 50,
            "autheticatorFlow": true,
            "flowAlias": "First Broker Login - Conditional Organization",
            "userSetupAllowed": false
          }
        ]
      },
      {
        "id": "2804a869-fc17-4b2c-b227-e6335de137e4",
        "alias": "forms",
        "description": "Username, password, otp and other auth forms.",
        "providerId": "basic-flow",
        "topLevel": false,
        "builtIn": true,
        "authenticationExecutions": [
          {
            "authenticator": "auth-username-password-form",
            "authenticatorFlow": false,
            "requirement": "REQUIRED",
            "priority": 10,
            "autheticatorFlow": false,
            "userSetupAllowed": false
          },
          {
            "authenticatorFlow": true,
            "requirement": "CONDITIONAL",
            "priority": 20,
            "autheticatorFlow": true,
            "flowAlias": "Browser - Conditional OTP",
            "userSetupAllowed": false
          }
        ]
      },
      {
        "id": "0033e398-62b1-41f1-827a-4ed89d5932a6",
        "alias": "registration",
        "description": "Registration flow",
        "providerId": "basic-flow",
        "topLevel": true,
        "builtIn": true,
        "authenticationExecutions": [
          {
            "authenticator": "registration-page-form",
            "authenticatorFlow": true,
            "requirement": "REQUIRED",
            "priority": 10,
            "autheticatorFlow": true,
            "flowAlias": "registration form",
            "userSetupAllowed": false
          }
        ]
      },
      {
        "id": "890fa03c-21d6-425e-9c35-a5853bbd29ce",
        "alias": "registration form",
        "description": "Registration form",
        "providerId": "form-flow",
        "topLevel": false,
        "builtIn": true,
        "authenticationExecutions": [
          {
            "authenticator": "registration-user-creation",
            "authenticatorFlow": false,
            "requirement": "REQUIRED",
            "priority": 20,
            "autheticatorFlow": false,
            "userSetupAllowed": false
          },
          {
            "authenticator": "registration-password-action",
            "authenticatorFlow": false,
            "requirement": "REQUIRED",
            "priority": 50,
            "autheticatorFlow": false,
            "userSetupAllowed": false
          },
          {
            "authenticator": "registration-recaptcha-action",
            "authenticatorFlow": false,
            "requirement": "DISABLED",
            "priority": 60,
            "autheticatorFlow": false,
            "userSetupAllowed": false
          },
          {
            "authenticator": "registration-terms-and-conditions",
            "authenticatorFlow": false,
            "requirement": "DISABLED",
            "priority": 70,
            "autheticatorFlow": false,
            "userSetupAllowed": false
          }
        ]
      },
      {
        "id": "80a3ce34-077f-4bd6-a401-c8881cfbee7c",
        "alias": "reset credentials",
        "description": "Reset credentials for a user if they forgot their password or something",
        "providerId": "basic-flow",
        "topLevel": true,
        "builtIn": true,
        "authenticationExecutions": [
          {
            "authenticator": "reset-credentials-choose-user",
            "authenticatorFlow": false,
            "requirement": "REQUIRED",
            "priority": 10,
            "autheticatorFlow": false,
            "userSetupAllowed": false
          },
          {
            "authenticator": "reset-credential-email",
            "authenticatorFlow": false,
            "requirement": "REQUIRED",
            "priority": 20,
            "autheticatorFlow": false,
            "userSetupAllowed": false
          },
          {
            "authenticator": "reset-password",
            "authenticatorFlow": false,
            "requirement": "REQUIRED",
            "priority": 30,
            "autheticatorFlow": false,
            "userSetupAllowed": false
          },
          {
            "authenticatorFlow": true,
            "requirement": "CONDITIONAL",
            "priority": 40,
            "autheticatorFlow": true,
            "flowAlias": "Reset - Conditional OTP",
            "userSetupAllowed": false
          }
        ]
      },
      {
        "id": "9373ff56-979a-469e-9c02-18efbee374d5",
        "alias": "saml ecp",
        "description": "SAML ECP Profile Authentication Flow",
        "providerId": "basic-flow",
        "topLevel": true,
        "builtIn": true,
        "authenticationExecutions": [
          {
            "authenticator": "http-basic-authenticator",
            "authenticatorFlow": false,
            "requirement": "REQUIRED",
            "priority": 10,
            "autheticatorFlow": false,
            "userSetupAllowed": false
          }
        ]
      }
    ],
    "authenticatorConfig": [
      {
        "id": "ccca80ad-2e6d-46c7-bbf7-42991086b335",
        "alias": "create unique user config",
        "config": {
          "require.password.update.after.registration": "false"
        }
      },
      {
        "id": "68890c24-c513-4c85-a97a-fb6835031705",
        "alias": "review profile config",
        "config": {
          "update.profile.on.first.login": "missing"
        }
      }
    ],
    "requiredActions": [
      {
        "alias": "CONFIGURE_TOTP",
        "name": "Configure OTP",
        "providerId": "CONFIGURE_TOTP",
        "enabled": true,
        "defaultAction": false,
        "priority": 10,
        "config": {}
      },
      {
        "alias": "TERMS_AND_CONDITIONS",
        "name": "Terms and Conditions",
        "providerId": "TERMS_AND_CONDITIONS",
        "enabled": false,
        "defaultAction": false,
        "priority": 20,
        "config": {}
      },
      {
        "alias": "UPDATE_PASSWORD",
        "name": "Update Password",
        "providerId": "UPDATE_PASSWORD",
        "enabled": true,
        "defaultAction": false,
        "priority": 30,
        "config": {}
      },
      {
        "alias": "UPDATE_PROFILE",
        "name": "Update Profile",
        "providerId": "UPDATE_PROFILE",
        "enabled": true,
        "defaultAction": false,
        "priority": 40,
        "config": {}
      },
      {
        "alias": "VERIFY_EMAIL",
        "name": "Verify Email",
        "providerId": "VERIFY_EMAIL",
        "enabled": true,
        "defaultAction": false,
        "priority": 50,
        "config": {}
      },
      {
        "alias": "delete_account",
        "name": "Delete Account",
        "providerId": "delete_account",
        "enabled": false,
        "defaultAction": false,
        "priority": 60,
        "config": {}
      },
      {
        "alias": "webauthn-register",
        "name": "Webauthn Register",
        "providerId": "webauthn-register",
        "enabled": true,
        "defaultAction": false,
        "priority": 70,
        "config": {}
      },
      {
        "alias": "webauthn-register-passwordless",
        "name": "Webauthn Register Passwordless",
        "providerId": "webauthn-register-passwordless",
        "enabled": true,
        "defaultAction": false,
        "priority": 80,
        "config": {}
      },
      {
        "alias": "VERIFY_PROFILE",
        "name": "Verify Profile",
        "providerId": "VERIFY_PROFILE",
        "enabled": true,
        "defaultAction": false,
        "priority": 90,
        "config": {}
      },
      {
        "alias": "delete_credential",
        "name": "Delete Credential",
        "providerId": "delete_credential",
        "enabled": true,
        "defaultAction": false,
        "priority": 100,
        "config": {}
      },
      {
        "alias": "update_user_locale",
        "name": "Update User Locale",
        "providerId": "update_user_locale",
        "enabled": true,
        "defaultAction": false,
        "priority": 1000,
        "config": {}
      }
    ],
    "browserFlow": "browser",
    "registrationFlow": "registration",
    "directGrantFlow": "direct grant",
    "resetCredentialsFlow": "reset credentials",
    "clientAuthenticationFlow": "clients",
    "dockerAuthenticationFlow": "docker auth",
    "firstBrokerLoginFlow": "first broker login",
    "attributes": {
      "cibaBackchannelTokenDeliveryMode": "poll",
      "cibaAuthRequestedUserHint": "login_hint",
      "oauth2DevicePollingInterval": "5",
      "clientOfflineSessionMaxLifespan": "0",
      "clientSessionIdleTimeout": "0",
      "clientOfflineSessionIdleTimeout": "0",
      "cibaInterval": "5",
      "realmReusableOtpCode": "false",
      "cibaExpiresIn": "120",
      "oauth2DeviceCodeLifespan": "600",
      "parRequestUriLifespan": "60",
      "clientSessionMaxLifespan": "0",
      "organizationsEnabled": "false"
    },
    "keycloakVersion": "26.0.7",
    "userManagedAccessAllowed": false,
    "organizationsEnabled": false,
    "clientProfiles": {
      "profiles": []
    },
    "clientPolicies": {
      "policies": []
    }
  }